{
  "min": {
    "precision": 0.8771929824561403,
    "recall": 0.9433962264150944,
    "f1-score": 0.9090909090909091,
    "support": 53,
    "confused_with": {
      "max": 1
    }
  },
  "kpi": {
    "precision": 0.894878706199461,
    "recall": 0.9567723342939481,
    "f1-score": 0.924791086350975,
    "support": 347,
    "confused_with": {
      "CARDINAL": 2
    }
  },
  "charger_type": {
    "precision": 0.8125,
    "recall": 0.896551724137931,
    "f1-score": 0.8524590163934426,
    "support": 29,
    "confused_with": {
      "kpi": 1
    }
  },
  "increase": {
    "precision": 1.0,
    "recall": 0.9534883720930233,
    "f1-score": 0.9761904761904763,
    "support": 43,
    "confused_with": {
      "desc": 1
    }
  },
  "CARDINAL": {
    "precision": 0.8918918918918919,
    "recall": 0.8918918918918919,
    "f1-score": 0.8918918918918919,
    "support": 74,
    "confused_with": {
      "DATE": 6,
      "min": 1
    }
  },
  "avg": {
    "precision": 0.7692307692307693,
    "recall": 0.9523809523809523,
    "f1-score": 0.8510638297872339,
    "support": 21,
    "confused_with": {}
  },
  "DATE ": {
    "precision": 0.0,
    "recall": 0.0,
    "f1-score": 0.0,
    "support": 4,
    "confused_with": {
      "DATE": 4
    }
  },
  "le": {
    "precision": 0.0,
    "recall": 0.0,
    "f1-score": 0.0,
    "support": 7,
    "confused_with": {
      "avg": 3,
      "bottom": 2
    }
  },
  "asc": {
    "precision": 0.9,
    "recall": 1.0,
    "f1-score": 0.9473684210526316,
    "support": 9,
    "confused_with": {}
  },
  "max": {
    "precision": 0.9108910891089109,
    "recall": 0.9583333333333334,
    "f1-score": 0.934010152284264,
    "support": 96,
    "confused_with": {
      "top": 1
    }
  },
  "desc": {
    "precision": 0.8823529411764706,
    "recall": 1.0,
    "f1-score": 0.9375,
    "support": 15,
    "confused_with": {}
  },
  "top": {
    "precision": 0.8387096774193549,
    "recall": 0.7878787878787878,
    "f1-score": 0.8125,
    "support": 33,
    "confused_with": {
      "max": 3,
      "DATE": 2
    }
  },
  "DATE": {
    "precision": 0.9108527131782945,
    "recall": 0.94,
    "f1-score": 0.9251968503937008,
    "support": 500,
    "confused_with": {
      "top": 3
    }
  },
  "ge": {
    "precision": 0.0,
    "recall": 0.0,
    "f1-score": 0.0,
    "support": 7,
    "confused_with": {
      "avg": 3,
      "le": 1
    }
  },
  "bottom": {
    "precision": 0.875,
    "recall": 0.8235294117647058,
    "f1-score": 0.8484848484848485,
    "support": 17,
    "confused_with": {
      "min": 3
    }
  },
  "operator": {
    "precision": 0.9259259259259259,
    "recall": 0.8064516129032258,
    "f1-score": 0.8620689655172414,
    "support": 31,
    "confused_with": {}
  },
  "micro avg": {
    "precision": 0.8964474678760394,
    "recall": 0.9222395023328149,
    "f1-score": 0.9091605979302416,
    "support": 1286
  },
  "macro avg": {
    "precision": 0.7180891685367012,
    "recall": 0.7444171654433058,
    "f1-score": 0.729538527964851,
    "support": 1286
  },
  "weighted avg": {
    "precision": 0.8873979810225712,
    "recall": 0.9222395023328149,
    "f1-score": 0.9039403293029776,
    "support": 1286
  },
  "accuracy": 0.9555139311636619
}