{
  "choose_service": {
    "precision": 1.0,
    "recall": 1.0,
    "f1-score": 1.0,
    "support": 10,
    "confused_with": {}
  },
  "co_reference": {
    "precision": 1.0,
    "recall": 0.975609756097561,
    "f1-score": 0.9876543209876543,
    "support": 41,
    "confused_with": {
      "chitchat": 1
    }
  },
  "chitchat": {
    "precision": 0.7037037037037037,
    "recall": 0.8260869565217391,
    "f1-score": 0.76,
    "support": 23,
    "confused_with": {
      "deny": 2,
      "filter_query": 1
    }
  },
  "limit_query": {
    "precision": 0.86,
    "recall": 0.9347826086956522,
    "f1-score": 0.8958333333333334,
    "support": 46,
    "confused_with": {
      "agg_query": 2,
      "filter_query": 1
    }
  },
  "filter_query": {
    "precision": 0.9076923076923077,
    "recall": 0.9672131147540983,
    "f1-score": 0.9365079365079365,
    "support": 61,
    "confused_with": {
      "agg_query": 2
    }
  },
  "deny": {
    "precision": 0.5555555555555556,
    "recall": 0.7142857142857143,
    "f1-score": 0.6250000000000001,
    "support": 7,
    "confused_with": {
      "affirm": 1,
      "chitchat": 1
    }
  },
  "affirm": {
    "precision": 0.5,
    "recall": 0.14285714285714285,
    "f1-score": 0.22222222222222224,
    "support": 7,
    "confused_with": {
      "chitchat": 4,
      "deny": 2
    }
  },
  "start_define_kpi": {
    "precision": 1.0,
    "recall": 1.0,
    "f1-score": 1.0,
    "support": 5,
    "confused_with": {}
  },
  "charger_operator": {
    "precision": 1.0,
    "recall": 0.9,
    "f1-score": 0.9473684210526316,
    "support": 20,
    "confused_with": {
      "agg_query": 1,
      "charger_type": 1
    }
  },
  "coreference_radius": {
    "precision": 1.0,
    "recall": 1.0,
    "f1-score": 1.0,
    "support": 5,
    "confused_with": {}
  },
  "change_slot": {
    "precision": 1.0,
    "recall": 1.0,
    "f1-score": 1.0,
    "support": 24,
    "confused_with": {}
  },
  "faq": {
    "precision": 0.9523809523809523,
    "recall": 0.9090909090909091,
    "f1-score": 0.9302325581395349,
    "support": 22,
    "confused_with": {
      "chitchat": 2
    }
  },
  "group_sort_query": {
    "precision": 0.8837209302325582,
    "recall": 0.9047619047619048,
    "f1-score": 0.8941176470588236,
    "support": 42,
    "confused_with": {
      "agg_query": 3,
      "filter_query": 1
    }
  },
  "agg_query": {
    "precision": 0.8674698795180723,
    "recall": 0.8372093023255814,
    "f1-score": 0.8520710059171598,
    "support": 86,
    "confused_with": {
      "limit_query": 7,
      "group_sort_query": 5
    }
  },
  "charger_type": {
    "precision": 0.9444444444444444,
    "recall": 0.85,
    "f1-score": 0.8947368421052632,
    "support": 20,
    "confused_with": {
      "agg_query": 3
    }
  },
  "continue": {
    "precision": 1.0,
    "recall": 1.0,
    "f1-score": 1.0,
    "support": 5,
    "confused_with": {}
  },
  "date": {
    "precision": 1.0,
    "recall": 0.9444444444444444,
    "f1-score": 0.9714285714285714,
    "support": 18,
    "confused_with": {
      "filter_query": 1
    }
  },
  "accuracy": 0.9004524886877828,
  "macro avg": {
    "precision": 0.892645163148682,
    "recall": 0.8768436384608675,
    "f1-score": 0.877480756397243,
    "support": 442
  },
  "weighted avg": {
    "precision": 0.9005956185359646,
    "recall": 0.9004524886877828,
    "f1-score": 0.897881637306912,
    "support": 442
  },
  "micro avg": {
    "precision": 0.9004524886877828,
    "recall": 0.9004524886877828,
    "f1-score": 0.9004524886877828,
    "support": 442
  }
}